Tên,Ngày sinh
Phạm Tấn Trung Nam,11/06/2006
Nguyễn Ngọc Minh,15/11/2007
Nguyễn Văn An,21/06/2007
Lê Thị Hồng Hạnh,03/02/2007
Phạm Hà Phương,10/01/2007
Võ Thị Yến Nhi,09/09/2007
Nguyễn Ngọc Thúy Hằng,19/08/2007
Nguyễn Thanh Tiền,01/05/2007
Bùi Kim Ngân,30/01/2007
Nguyễn Trần Khánh Linh,02/01/2007
Nguyễn Khánh Hà,04/09/2007
Nguyễn Hà Trọng Dũng ,30/11/2007
Nguyễn Thị Kim Loan ,27/02/2007
Nguyễn Phúc Khánh Ngọc,13/04/2007
Trần Thị Kim Ngân,12/01/2006
Nguyễn Đức Trung,10/08/2006
Hoàng Thị Mỹ Dung ,03/05/2006
Nguyễn Ngọc Như Trâm,08/08/2007
Vũ Hà Phi Yến,26/04/2006
Bùi Lê Anh,26/04/2007
Nguyễn Thị An Thuận,20/02/2007
Nguyễn Khánh Huyền,01/01/2007
Tạ Quang Tiến,09/10/2007
Nguyễn Kim Ngân,03/02/2007
Nguyễn Dương Gia Bảo,06/02/2007
Hồ Ngọc Bảo Uyên,13/07/2007
Nguyễn Gia Vỹ,21/08/2007
Nguyễn Thị Thanh Uyên,25/09/2007
Nguyễn Bùi Khánh Dương,02/04/2007
Nguyễn Tiến Đạt,10/06/2007
Dương Trung Hiếu,12/03/2006
Lê Đăng Khánh,02/09/2006
Nguyễn Linh Thùy Trang,19/03/2006
Phạm Duy Anh,12/07/2006
Võ Thanh Tân,19/06/2006
Trần Minh Tuấn,01/03/2005
Nguyễn Quốc Phi,23/06/2006
Nguyễn Đoàn Cẩm Vy,03/07/2007
Lưu Thị Dạ Thảo,31/03/2007
Võ Trần Trí Bảo,20/01/2007
Võ Thị Thúy Hiền,16/08/2007
Nguyễn Ngọc Như Trâm,08/08/2007
Đồng Khánh Linh ,24/09/2007
Hoà Trần Ngọc Linh,27/04/2007
Nguyễn Thúy Ngân,05/12/2006
Nguyễn Thị Bảo Trân,20/11/2006
Lê Huỳnh Gia Hân,02/04/2005
Nguyễn Hữu Thông,15/07/2006
Phạm Thiên Long,17/11/2006
Trần Thu Hà,19/04/2006
Tất Chí Thành,29/09/2006
Trần Ánh Ngọc,20/02/2007
Nguyễn Thị Trường Vy,02/06/2007
Nguyễn Bạch Vy,10/11/2007
Nguyễn Minh Thư,03/05/2007
Nguyễn Ái Minh,30/04/2006
Trần Khánh Huyền,09/12/2006
Nguyễn Huỳnh Ngọc Hân,26/03/2007
Nguyễn Thị Ánh Dương,10/01/2007
Trần Bùi Vị Xuyên,05/09/2007
Đặng Thị Như Anh,10/04/2007
Nguyễn Kim Tố Quyên,14/04/2006
Đặng Minh Huệ,05/01/2007
Đinh Viết Quân,27/02/2006
Nguyễn Thị Diệu Thảo,24/10/2006
Ngô Văn Quỳnh,08/01/2007
Nguyễn Lê Việt Anh,08/03/2007
Nguyễn Thị Thu Hiền,18/09/2007
Trần Ngọc Bảo Ngân,23/08/2007
Nguyễn Đoàn Cẩm Vy,03/07/2007
Lâm Tâm Như,05/01/2007
Nguyễn Thị Thuý Nga,20/01/2007
Nguyễn Lê Việt Anh,08/03/2007
Nguyễn Thị Minh Oanh ,14/12/2006
Bồ Ngọc Trâm ,08/09/2006
Nguyễn Thái Huy ,02/09/2007
Lê Viết Bảo,16/06/2005
Trần Viết Gia Huy,01/07/2005
Phạm Minh Thư,24/04/2006
Quách Quỳnh Thục Nghi,24/04/2006
Trần Thị Mỹ Duyên,24/08/2006
Huỳnh Ngọc Phương Vy,01/08/2006
Lê Hoài An,26/02/2006
Nguyễn Ngọc Thảo Như,01/03/2007
Trần Quang Trường,15/10/2006
Phạm Hà Phương,10/01/2007
Đỗ Trọng Khanh,14/01/2006
Nguyễn Võ Lan Thanh,18/02/2005
Bùi Ngọc Bảo Trân,05/03/2007
Dương Thúy Hiền,07/03/2006
Lê Bảo Ngọc,15/03/2005
Nguyễn Đặng Hòa Thuận,06/04/2006
Trần Thị Thúy Hằng,18/04/2006
Trần Thị Ngọc Lan,26/04/2006
Vương Phạm Ánh Tuyết,08/05/2006
Huỳnh Bảo Nhi,01/06/2005
Nguyễn Thu Trang,24/06/2006
Bùi Trọng Nguyên,28/06/2005
Nguyễn Đinh Thảo Nhi,03/07/2006
Lê Nguyễn Thuỳ Linh,12/07/2005
Hồ Minh Khang,22/07/2006
Hồ Thị Diễm Trang,28/07/2006
Lại Ngô Quỳnh Thư,01/09/2006
Nguyễn Thị Thúy Vân,29/09/2005
Tạ Quang Tiến,09/10/2007
Võ Trần Ngọc Ánh,02/11/2006
Nguyễn Hồng Phúc,06/11/2006
Hoàng Viết Quang,13/11/2005
Nguyễn Thị Ánh Hằng,15/11/2006
Phạm Thị Ngọc Diệu,26/11/2005
Hà Quang Đại,20/12/2005
Hoàng Kim Tùng,23/12/2005
